{"report": {"environment": {}, "tests": [], "summary": {"num_tests": 0, "duration": 130.85387682914734}, "created_at": "2025-07-21 16:18:36.519164"}}