{"fairness": {"fairness_init": {"fair_metric_name_input": "log_loss_parity", "fair_metric_name": "Log-loss Parity", "perf_metric_name": "True Negative Rate", "protected_features": ["isforeign", "isfemale"], "fair_priority": "benefit", "fair_concern": "eligible", "fair_impact": "normal", "fair_threshold_input": 80, "fair_neutral_tolerance": 0.001}, "perf_metric_values": {"Selection Rate": [0.25, 0.0], "Accuracy": [0.4109, 0.011275230197206613], "Balanced Accuracy": [0.3328624278157524, 0.00812155448968779], "Recall": [0.4109, 0.011275230197206613], "Precision": [0.4109, 0.011275230197206613], "F1 Score": [0.41089999999999993, 0.011275230197206615], "True Negative Rate": [0.8036333333333333, 0.0037584100657355453], "False Negative Rate": [0.5891, 0.011275230197206632], "Negative Predictive Value": [0.8036333333333333, 0.0037584100657355453], "ROC AUC Score": [0.69387221, 0.006755475831482991], "Log-loss": [1.2479378604825395, 0.009827795184728087]}, "class_distribution": {"CN": 0.3734, "TN": 0.2476, "CR": 0.2277, "TR": 0.1513}, "weighted_confusion_matrix": {"tp": 4109.0, "fp": 5891.0, "tn": 24109.0, "fn": 5891.0}, "calibration_curve": null, "perf_dynamic": null, "correlation_matrix": null, "features": {"isforeign": {"fair_threshold": 0.2524945906154434, "privileged": [[0]], "unprivileged": [[1]], "feature_distribution": {"privileged_group": 0.7088, "unprivileged_group": 0.2912}, "fair_metric_values": {"Demographic Parity": [0.0, 0.0], "Equal Opportunity": [-0.018148612110237383, 0.02036140613474256], "False Positive Rate Parity": [0.006049537370079128, 0.0067871353782475155], "True Negative Rate Parity": [-0.006049537370079183, 0.006787135378247529], "False Negative Rate Parity": [0.01814861211023744, 0.020361406134742563], "Positive Predictive Parity": [-0.018148612110237383, 0.02036140613474256], "Negative Predictive Parity": [-0.006049537370079183, 0.006787135378247529], "False Discovery Rate Parity": [0.01814861211023744, 0.020361406134742563], "False Omission Rate Parity": [0.006049537370079128, 0.0067871353782475155], "Equalized Odds": [-0.006049537370079128, 0.00678713537824751], "Negative Equalized Odds": [0.006049537370079072, 0.006787135378247523], "Calibration by Group": [-0.006049537370079128, 0.00678713537824751], "AUC Parity": [-0.02985263081490952, 0.013131048360220473], "Log-loss Parity": [0.04991446632787633, 0.020337645763691143], "Mutual Information Independence": ["NA", "NA"], "Mutual Information Separation": ["NA", "NA"], "Mutual Information Sufficiency": ["NA", "NA"]}, "fairness_conclusion": "fair", "tradeoff": null, "feature_importance": null}, "isfemale": {"fair_threshold": 0.2578566029681289, "privileged": [[0]], "unprivileged": [[1]], "feature_distribution": {"privileged_group": 0.5979, "unprivileged_group": 0.4021}, "fair_metric_values": {"Demographic Parity": [0.0, 0.0], "Equal Opportunity": [-0.06271269679308233, 0.020709982113679616], "False Positive Rate Parity": [0.020904232264360778, 0.006903327371226536], "True Negative Rate Parity": [-0.020904232264360778, 0.006903327371226535], "False Negative Rate Parity": [0.06271269679308233, 0.020709982113679616], "Positive Predictive Parity": [-0.06271269679308233, 0.020709982113679616], "Negative Predictive Parity": [-0.020904232264360778, 0.006903327371226535], "False Discovery Rate Parity": [0.06271269679308233, 0.020709982113679616], "False Omission Rate Parity": [0.020904232264360778, 0.006903327371226536], "Equalized Odds": [-0.020904232264360778, 0.006903327371226551], "Negative Equalized Odds": [0.020904232264360667, 0.006903327371226554], "Calibration by Group": [-0.020904232264360778, 0.006903327371226551], "AUC Parity": [-0.06833795669898446, 0.01305333788023962], "Log-loss Parity": [0.102823064805037, 0.01941003561527026], "Mutual Information Independence": ["NA", "NA"], "Mutual Information Separation": ["NA", "NA"], "Mutual Information Sufficiency": ["NA", "NA"]}, "fairness_conclusion": "fair", "tradeoff": null, "feature_importance": null}}, "individual_fairness": null}, "transparency": null}