{
    "feature_names": [
        "age",
        "gender",
        "race",
        "ban_count",
        "prior_count",
        "toxic_words"
    ],
    "results": [
        {
            "indices": [
                18.0,
                22.375,
                25.750000000000004,
                30.0,
                32.0,
                34.0,
                38.0,
                41.0,
                45.0,
                48.0,
                50.0,
                52.0,
                55.5,
                58.0,
                61.0,
                64.0,
                66.0,
                68.0,
                71.75,
                74.0,
                76.0,
                79.0,
                84.0,
                86.0,
                89.0
            ],
            "ale": [
                0.9930121212121211,
                0.5384666666666666,
                0.2384666666666666,
                0.3218,
                0.3218,
                0.3218,
                0.3218,
                0.3218,
                -0.011533333333333284,
                -0.011533333333333284,
                -0.011533333333333284,
                -0.011533333333333284,
                -0.011533333333333284,
                -0.011533333333333284,
                -0.011533333333333284,
                -0.011533333333333284,
                -0.34486666666666654,
                -0.34486666666666654,
                -0.34486666666666654,
                -0.34486666666666654,
                -0.34486666666666654,
                -0.34486666666666654,
                -0.34486666666666654,
                -0.34486666666666654,
                -0.34486666666666654
            ],
            "size": [
                0.0,
                11.0,
                10.0,
                12.0,
                12.0,
                8.0,
                12.0,
                11.0,
                9.0,
                10.0,
                11.0,
                12.0,
                7.0,
                13.0,
                9.0,
                10.0,
                12.0,
                10.0,
                8.0,
                13.0,
                9.0,
                14.0,
                7.0,
                13.0,
                7.0
            ]
        },
        {
            "indices": [
                0,
                1
            ],
            "ale": [
                0.0,
                0.0
            ],
            "size": [
                135,
                115
            ]
        },
        {
            "indices": [
                0,
                1,
                2,
                3,
                4,
                5
            ],
            "ale": [
                0.0,
                0.0,
                0.0,
                0.0,
                0.0,
                0.0
            ],
            "size": [
                34,
                40,
                40,
                41,
                40,
                55
            ]
        },
        {
            "indices": [
                3.0,
                47.250000000000014,
                118.50000000000003,
                143.5,
                180.50000000000017,
                207.875,
                231.25,
                286.875,
                344.0000000000001,
                384.875,
                451.00000000000006,
                485.25,
                517.5,
                554.1250000000002,
                586.25,
                646.25,
                677.0000000000002,
                705.375,
                736.0,
                788.5000000000001,
                827.0000000000003,
                849.75,
                888.7500000000001,
                940.3750000000002,
                992.0
            ],
            "ale": [
                -0.8114545454545454,
                -0.7205454545454545,
                -0.8205454545454545,
                -0.8205454545454545,
                -0.8205454545454545,
                -0.5205454545454545,
                -0.5205454545454545,
                -0.6205454545454545,
                -0.6205454545454545,
                -0.020545454545454533,
                0.2794545454545454,
                0.2794545454545454,
                0.2794545454545454,
                0.2794545454545454,
                0.2794545454545454,
                0.2794545454545454,
                0.5521818181818181,
                0.5521818181818181,
                0.5521818181818181,
                0.5521818181818181,
                0.452181818181818,
                0.452181818181818,
                0.452181818181818,
                0.452181818181818,
                0.452181818181818
            ],
            "size": [
                0.0,
                11.0,
                10.0,
                11.0,
                10.0,
                10.0,
                11.0,
                10.0,
                11.0,
                10.0,
                10.0,
                11.0,
                10.0,
                10.0,
                11.0,
                10.0,
                11.0,
                10.0,
                10.0,
                11.0,
                10.0,
                10.0,
                11.0,
                10.0,
                11.0
            ]
        },
        {
            "indices": [
                6.0,
                37.75,
                67.50000000000003,
                133.625,
                179.00000000000003,
                213.0,
                257.25,
                290.5,
                335.0,
                370.75,
                400.75000000000006,
                433.8750000000001,
                499.0,
                525.875,
                575.0,
                616.0,
                661.0000000000002,
                714.8750000000003,
                767.5,
                810.125,
                862.5000000000001,
                894.75,
                922.2500000000001,
                960.625,
                992.0
            ],
            "ale": [
                -0.5333818181818181,
                -0.5333818181818181,
                -0.23338181818181808,
                -0.23338181818181808,
                0.06661818181818191,
                0.06661818181818191,
                -0.03338181818181807,
                -0.03338181818181807,
                -0.03338181818181807,
                0.2999515151515152,
                0.2999515151515152,
                0.2999515151515152,
                0.2999515151515152,
                0.2999515151515152,
                0.5726787878787879,
                0.20904242424242425,
                0.20904242424242425,
                -0.19095757575757577,
                -0.09095757575757579,
                -0.09095757575757579,
                -0.19095757575757577,
                -0.19095757575757577,
                -0.19095757575757577,
                -0.19095757575757577,
                -0.19095757575757577
            ],