{
  "results": [
    {
      "mae": 3216.4542620419,
      "r2": 0.0510932737,
      "mse": 19526356.681064513,
      "subgroup": "0,18"
    },
    {
      "mae": 3348.2940108613,
      "r2": 0.8764356055,
      "mse": 20773382.56608977,
      "subgroup": "0,19"
    },
    {
      "mae": 4277.3879485314,
      "r2": 0.4035191212,
      "mse": 33511316.737452578,
      "subgroup": "0,20"
    },
    {
      "mae": 5823.7211983892,
      "r2": -0.1110011861,
      "mse": 94486288.88814631,
      "subgroup": "0,21"
    }
  ],
  "sensitive_feature": [
    "gender",
    "age"
  ]
}