{
    "feature_names": [
        "age",
        "gender",
        "income",
        "race",
        "home_ownership",
        "prior_count",
        "loan_amount",
        "loan_interests"
    ],
    "results": [
        {
            "indices": [
                18.0,
                20.0,
                23.0,
                26.0,
                29.0,
                32.0,
                35.0,
                38.0,
                41.0,
                44.0,
                47.0,
                51.0,
                53.5,
                56.0,
                60.0,
                63.0,
                66.0,
                69.0,
                72.0,
                75.0,
                77.0,
                80.625,
                83.0,
                86.0,
                89.0
            ],
            "ale": [
                0.0,
                0.0,
                0.0,
                0.0,
                0.0,
                0.0,
                0.0,
                0.0,
                0.0,
                0.0,
                0.0,
                0.0,
                0.0,
                0.0,
                0.0,
                0.0,
                0.0,
                0.0,
                0.0,
                0.0,
                0.0,
                0.0,
                0.0,
                0.0,
                0.0
            ],
            "size": [
                0.0,
                108.0,
                105.0,
                110.0,
                114.0,
                97.0,
                95.0,
                119.0,
                95.0,
                98.0,
                103.0,
                139.0,
                67.0,
                108.0,
                110.0,
                98.0,
                116.0,
                110.0,
                111.0,
                112.0,
                71.0,
                101.0,
                115.0,
                102.0,
                96.0
            ]
        },
        {
            "indices": [
                0,
                1
            ],
            "ale": [
                0.0,
                0.0
            ],
            "size": [
                1253,
                1247
            ]
        },
        {
            "indices": [
                36.0,
                4019.7500000000005,
                7961.000000000002,
                12185.0,
                16594.500000000004,
                20750.5,
                24962.0,
                28924.875,
                32757.000000000007,
                36159.0,
                39717.0,
                44358.875,
                48629.5,
                52340.87500000001,
                56557.75,
                61440.75000000001,
                66010.0,
                70120.625,
                74097.25,
                77950.75,
                82090.00000000001,
                86607.375,
                91001.0,
                95427.25000000004,
                99981.0
            ],
            "ale": [
                0.37640422916888944,
                0.3573566101212704,
                0.3573566101212704,
                0.3188950716597319,
                0.27081814858280884,
                0.2515873793520396,
                0.1938950716597319,
                0.15543353319819345,
                0.1078144855791458,
                0.07896833173299195,
                0.0694445222091824,
                0.020900832888794074,
                -0.017560705572744417,
                -0.036791474803513635,
                -0.05602224403428285,
                -0.08486839788043671,
                -0.11343982645186529,
                -0.19036290337494227,
                -0.19036290337494227,
                -0.19997828799032685,
                -0.24805521106724998,
                -0.2961321341441731,
                -0.33459367260571155,
                -0.39228598029801925,
                -0.42085740886944784
            ],
            "size": [
                0.0,
                105.0,
                104.0,
                104.0,
                104.0,
                104.0,
                104.0,
                104.0,
                105.0,
                104.0,
                105.0,
                103.0,
                104.0,
                104.0,
                104.0,
                104.0,
                105.0,
                104.0,
                104.0,
                104.0,
                104.0,
                104.0,
                104.0,
                104.0,
                105.0
            ]
        },
        {
            "indices": [
                0,
                1,
                2,
                3,
                4,
                5
            ],
            "ale": [
                0.0,
                0.0,
                0.0,
                0.0,
                0.0,
                0.0
            ],
            "size": [
                452,
                411,
                397,
                413,
                408,
                419
            ]
        },
        {
            "indices": [
                0,
                1
            ],
            "ale": [
                0.0,
                0.0
            ],
            "size": [
                1291,
                1209
            ]
        },
        {
            "indices": [
                0.0,
                4.0,
                8.0,
                11.375,
                16.0,
                20.0,
                24.0,
                29.0,
                33.0,
                37.0,
                41.0,
                45.0,
                50.0,
                53.0,
                58.0,
                62.0,
                66.0,
                70.0,
                74.0,
                78.0,
                82.0,
                87.0,
                91.0,
                95.0,
                99.0
            ],
            "ale": [
                0.0,
                0.0,
                0.0,
                0.0,
                0.0,
                0.0,
                0.0,
                0.0,
                0.0,
                0.0,
                0.0,
                0.0,
                0.0,
                0.0,
                0.0,
                0.0,
                0.0,
                0.0,
                0.0,
                0.0,
                0.0,
                0.0,
                0.0,
                0.0,
                0.0
            ],
            "size": [
                0.0,
                121.0,
                105.0,
                87.0,
                109.0,
                104.0,
                104.0,
                119.0,
                103.0,
                92.0,
                117.0,
                89.0,
                119.0,
                91.0,
                124.0,
                102.0,
                87.0,
                115.0,
                112.0,
                104.0,
                90.0,
                109.0,
                102.0,
                104.0,
                91.0
            ]
        },
        {
            "indices": [
                10039.0,
                54390.375,
                88106.75000000001,
                127941.625,
                169864.0,
                213475.50000000003,
                251212.0,
                296075.625,
                340046.0,
                377461.5,
                412732.50000000006,
                451416.5,
                498282.5,
                540784.3750000001,
                582880.25,
                621787.8750000001,
                657906.0000000001,
                704672.8750000002,
                741640.25,
                792220.0000000001,
                833301.5,
                877433.125,
                919232.75,
                961365.1250000001,
                999984.0
            ],